{"aa": [0, 0.010397338745180035], "ae": [1, 0.018694342482062358], "ah": [2, 0.006958011199884202], "aw": [3, 0.058856363968251266], "ay": [4, 0.022154825733654043], "b": [5, 0.019645773942634993], "ch": [6, 0.05225296703522795], "d": [7, 0.017618187898391], "dh": [8, 0.018033431384211665], "dx": [9, 0.02298682026227839], "eh": [10, 0.013075200783914226], "er": [11, 0.010354623723752277], "ey": [12, 0.018867209585595297], "f": [13, 0.01934421352997152], "g": [14, 0.03597601424759607], "hh": [15, 0.025811706607763208], "ih": [16, 0.003688021429582279], "iy": [17, 0.009262307170100934], "jh": [18, 0.04229756462871364], "k": [19, 0.011293472052948582], "l": [20, 0.007970132620700692], "m": [21, 0.01201554485947474], "n": [22, 0.005693254447101637], "ng": [23, 0.03512084669580895], "ow": [24, 0.025921012080391364], "oy": [25, 0.140945503187128], "p": [26, 0.016556195119353523], "pau": [27, 0.001355373832565303], "r": [28, 0.00915347852358191], "s": [29, 0.006937732022164333], "sh": [30, 0.0292274440442612], "t": [31, 0.010852946547337114], "th": [32, 0.05751333284414351], "uh": [33, 0.08569486593777384], "uw": [34, 0.021950529184880597], "v": [35, 0.02148818102752604], "w": [36, 0.019335484191735974], "y": [37, 0.043062746702398916], "z": [38, 0.011636999719958423], "PAD": [39, 0]}